title,content,source,company,date,relevance_score
AAPL Q3 2024 Earnings Report,"AAPL reported strong Q3 results with revenue growth of 15.3% YoY. Gross margin improved to 46.2%, up from 44.8% in Q3 2023. EPS grew 18% YoY. The company guided for 12-15% growth in Q4.",Investor Relations,AAPL,2025-12-13,0.7344252434708884
MSFT Q3 2024 Earnings Report,"MSFT reported strong Q3 results with revenue growth of 15.3% YoY. Gross margin improved to 46.2%, up from 44.8% in Q3 2023. EPS grew 18% YoY. The company guided for 12-15% growth in Q4.",Investor Relations,MSFT,2025-12-13,0.9364283620013644
GOOGL Q3 2024 Earnings Report,"GOOGL reported strong Q3 results with revenue growth of 15.3% YoY. Gross margin improved to 46.2%, up from 44.8% in Q3 2023. EPS grew 18% YoY. The company guided for 12-15% growth in Q4.",Investor Relations,GOOGL,2025-12-13,0.8050840932567584
AMZN Q3 2024 Earnings Report,"AMZN reported strong Q3 results with revenue growth of 15.3% YoY. Gross margin improved to 46.2%, up from 44.8% in Q3 2023. EPS grew 18% YoY. The company guided for 12-15% growth in Q4.",Investor Relations,AMZN,2025-12-13,0.9396108776503966
TSLA Q3 2024 Earnings Report,"TSLA reported strong Q3 results with revenue growth of 15.3% YoY. Gross margin improved to 46.2%, up from 44.8% in Q3 2023. EPS grew 18% YoY. The company guided for 12-15% growth in Q4.",Investor Relations,TSLA,2025-12-13,0.838892694332574
Technology Sector Analysis - Q4 2024,The technology sector continues to benefit from AI adoption and cloud computing growth. Major players are investing heavily in R&D. Analyst consensus remains positive with 12-month price targets suggesting 20-25% upside.,Morgan Stanley Research,AAPL,2025-12-13,0.9452064243400368
Technology Sector Analysis - Q4 2024,The technology sector continues to benefit from AI adoption and cloud computing growth. Major players are investing heavily in R&D. Analyst consensus remains positive with 12-month price targets suggesting 20-25% upside.,Morgan Stanley Research,MSFT,2025-12-13,0.8255323630429307
Technology Sector Analysis - Q4 2024,The technology sector continues to benefit from AI adoption and cloud computing growth. Major players are investing heavily in R&D. Analyst consensus remains positive with 12-month price targets suggesting 20-25% upside.,Morgan Stanley Research,GOOGL,2025-12-13,0.9360706929635998
Technology Sector Analysis - Q4 2024,The technology sector continues to benefit from AI adoption and cloud computing growth. Major players are investing heavily in R&D. Analyst consensus remains positive with 12-month price targets suggesting 20-25% upside.,Morgan Stanley Research,AMZN,2025-12-13,0.9631459302411534
Technology Sector Analysis - Q4 2024,The technology sector continues to benefit from AI adoption and cloud computing growth. Major players are investing heavily in R&D. Analyst consensus remains positive with 12-month price targets suggesting 20-25% upside.,Morgan Stanley Research,TSLA,2025-12-13,0.852832732214402
AAPL Stock Rating: BUY,"We initiate coverage of AAPL with a BUY rating and $250 price target. The company has a strong competitive moat, excellent cash generation, and attractive growth prospects. Valuation appears reasonable given growth rates.",Goldman Sachs Equity Research,AAPL,2025-12-13,0.914719646967779
MSFT Stock Rating: BUY,"We initiate coverage of MSFT with a BUY rating and $250 price target. The company has a strong competitive moat, excellent cash generation, and attractive growth prospects. Valuation appears reasonable given growth rates.",Goldman Sachs Equity Research,MSFT,2025-12-13,0.7439244085613591
GOOGL Stock Rating: BUY,"We initiate coverage of GOOGL with a BUY rating and $250 price target. The company has a strong competitive moat, excellent cash generation, and attractive growth prospects. Valuation appears reasonable given growth rates.",Goldman Sachs Equity Research,GOOGL,2025-12-13,0.954008808910366
AMZN Stock Rating: BUY,"We initiate coverage of AMZN with a BUY rating and $250 price target. The company has a strong competitive moat, excellent cash generation, and attractive growth prospects. Valuation appears reasonable given growth rates.",Goldman Sachs Equity Research,AMZN,2025-12-13,0.9951543961399768
TSLA Stock Rating: BUY,"We initiate coverage of TSLA with a BUY rating and $250 price target. The company has a strong competitive moat, excellent cash generation, and attractive growth prospects. Valuation appears reasonable given growth rates.",Goldman Sachs Equity Research,TSLA,2025-12-13,0.9152782774654836
Interest Rate Impact on Technology Stocks,"With the Fed pausing rate hikes, technology stocks are rebounding. Lower rates increase the present value of future earnings. We expect outperformance of growth stocks in this environment.",Bloomberg Intelligence,AAPL,2025-12-13,0.975571179872073
Interest Rate Impact on Technology Stocks,"With the Fed pausing rate hikes, technology stocks are rebounding. Lower rates increase the present value of future earnings. We expect outperformance of growth stocks in this environment.",Bloomberg Intelligence,MSFT,2025-12-13,0.7019990668447631
Interest Rate Impact on Technology Stocks,"With the Fed pausing rate hikes, technology stocks are rebounding. Lower rates increase the present value of future earnings. We expect outperformance of growth stocks in this environment.",Bloomberg Intelligence,GOOGL,2025-12-13,0.8166913227426367
Interest Rate Impact on Technology Stocks,"With the Fed pausing rate hikes, technology stocks are rebounding. Lower rates increase the present value of future earnings. We expect outperformance of growth stocks in this environment.",Bloomberg Intelligence,AMZN,2025-12-13,0.7225460091477556
Interest Rate Impact on Technology Stocks,"With the Fed pausing rate hikes, technology stocks are rebounding. Lower rates increase the present value of future earnings. We expect outperformance of growth stocks in this environment.",Bloomberg Intelligence,TSLA,2025-12-13,0.8366816093215381
AAPL Competitive Position Strengthens,"Recent market share gains and product launches position AAPL well for 2025. The company is expanding into high-margin services, which should support margin expansion.",Barclays Equity Research,AAPL,2025-12-13,0.8463408898277814
MSFT Competitive Position Strengthens,"Recent market share gains and product launches position MSFT well for 2025. The company is expanding into high-margin services, which should support margin expansion.",Barclays Equity Research,MSFT,2025-12-13,0.7476403677395501
GOOGL Competitive Position Strengthens,"Recent market share gains and product launches position GOOGL well for 2025. The company is expanding into high-margin services, which should support margin expansion.",Barclays Equity Research,GOOGL,2025-12-13,0.8867085991673214
AMZN Competitive Position Strengthens,"Recent market share gains and product launches position AMZN well for 2025. The company is expanding into high-margin services, which should support margin expansion.",Barclays Equity Research,AMZN,2025-12-13,0.8423974410681084
TSLA Competitive Position Strengthens,"Recent market share gains and product launches position TSLA well for 2025. The company is expanding into high-margin services, which should support margin expansion.",Barclays Equity Research,TSLA,2025-12-13,0.8657903956581257
